source_index,tx,ty,tz,rx,ry,rz
0,-0.47288134694099426,-1.577242374420166,-0.12229780107736588,0.5669421553611755,-0.8683499693870544,0.27583351731300354
1,-0.9950170516967773,-1.56218683719635,0.15366578102111816,0.4611833095550537,-0.44814634323120117,-0.1762896329164505
0,-0.4595082700252533,-1.5295910835266113,-0.11818873882293701,0.5494595766067505,-0.8423620462417603,0.26672253012657166
1,-0.965214729309082,-1.5152723789215088,0.1495041847229004,0.44713813066482544,-0.4345718324184418,-0.17043422162532806
0,-0.4617552161216736,-1.5364526510238647,-0.11897553503513336,0.5510314702987671,-0.8458828330039978,0.2683855891227722
1,-0.9705193638801575,-1.522295594215393,0.14982572197914124,0.44957318902015686,-0.4366225004196167,-0.17141146957874298
0,-0.46543005108833313,-1.5506623983383179,-0.12053653597831726,0.5563937425613403,-0.8530037999153137,0.27184367179870605
1,-0.9802096486091614,-1.5359712839126587,0.15106084942817688,0.45432984828948975,-0.4407266080379486,-0.17351165413856506
