source_index,tx,ty,tz,rx,ry,rz
0,-0.6403084993362427,-2.157193183898926,0.7635695338249207,0.47333839535713196,-0.1973140984773636,-0.02474926970899105
1,-1.1156874895095825,-2.1230485439300537,0.8167621493339539,0.828048825263977,-1.1398851871490479,0.09592350572347641
0,-0.6225235462188721,-2.0917508602142334,0.7391232252120972,0.45952537655830383,-0.19144801795482635,-0.023058943450450897
1,-1.0827147960662842,-2.0606722831726074,0.7913029193878174,0.8031359910964966,-1.106752634048462,0.09120367467403412
0,-0.5964424014091492,-1.9971413612365723,0.7043736577033997,0.4394401013851166,-0.18279443681240082,-0.02012081816792488
1,-1.0336103439331055,-1.9686989784240723,0.7554554343223572,0.7666411995887756,-1.0581446886062622,0.0856429859995842
0,-0.5949987173080444,-1.9887597560882568,0.7011924386024475,0.43826544284820557,-0.18090754747390747,-0.01891968958079815
1,-1.0285831689834595,-1.9593614339828491,0.7527827024459839,0.7633486986160278,-1.0549238920211792,0.08518341183662415
